<DeclarationReleveDeduction>
  <identifiantFiscal>IF54986532</identifiantFiscal>
  <annee>2020</annee>
  <periode>4</periode>
  <regime>1</regime>
  <releveDeductions>
    <rd>
      <ord>1</ord>
      <num>False</num>
      <des>Article 3</des>
      <mht>3500.0</mht>
      <tva>700.0</tva>
      <ttc>4200.0</ttc>
      <refF>
        <if>False</if>
        <nom>Fourni</nom>
        <ice>False</ice>
      </refF>
      <tx>20.0</tx>
      <prorata>100</prorata>
      <mp>
        <id>False</id>
      </mp>
      <dpai>2020-04-21</dpai>
      <dfac>2020-04-21</dfac>
    </rd>
  </releveDeductions>
</DeclarationReleveDeduction>
